timestamp,group,lag,retry_rate,recovery_rate,dlq_rate,throughput
1780379495.851998,grupo-consumidores,-1,0,0,0,0
1780379495.851998,grupo-reintentos,-1,0,0,0,0
1780379505.8543692,grupo-consumidores,-1,0,0,0,0
1780379505.8543692,grupo-reintentos,-1,0,0,0,0
1780379515.855456,grupo-consumidores,-1,0,0,0,0
1780379515.855456,grupo-reintentos,-1,0,0,0,0
1780379525.8567429,grupo-consumidores,-1,0,0,0,0
1780379525.8567429,grupo-reintentos,-1,0,0,0,0
1780379535.858692,grupo-consumidores,-1,0,0,0,0
1780379535.858692,grupo-reintentos,-1,0,0,0,0
1780379545.860463,grupo-consumidores,-1,0,0,0,0
1780379545.860463,grupo-reintentos,-1,0,0,0,0
1780379555.8614085,grupo-consumidores,-1,0,0,0,0
1780379555.8614085,grupo-reintentos,-1,0,0,0,0
1780379565.8631086,grupo-consumidores,-1,0,0,0,0
1780379565.8631086,grupo-reintentos,-1,0,0,0,0
1780379575.8648279,grupo-consumidores,-1,0,0,0,0
1780379575.8648279,grupo-reintentos,-1,0,0,0,0
1780379585.866588,grupo-consumidores,-1,0,0,0,0
1780379585.866588,grupo-reintentos,-1,0,0,0,0
1780379595.868381,grupo-consumidores,-1,0,0,0,0
1780379595.868381,grupo-reintentos,-1,0,0,0,0
1780379605.8702579,grupo-consumidores,-1,0,0,0,0
1780379605.8702579,grupo-reintentos,-1,0,0,0,0
1780379615.8720937,grupo-consumidores,-1,0,0,0,0
1780379615.8720937,grupo-reintentos,-1,0,0,0,0
1780379625.8738122,grupo-consumidores,-1,0,0,0,0
1780379625.8738122,grupo-reintentos,-1,0,0,0,0
1780379635.8749337,grupo-consumidores,-1,0,0,0,0
1780379635.8749337,grupo-reintentos,-1,0,0,0,0
1780379645.8768606,grupo-consumidores,-1,0,0,0,0
1780379645.8768606,grupo-reintentos,-1,0,0,0,0
1780379655.8788583,grupo-consumidores,-1,0,0,0,0
1780379655.8788583,grupo-reintentos,-1,0,0,0,0
1780379665.8810556,grupo-consumidores,-1,0,0,0,0
1780379665.8810556,grupo-reintentos,-1,0,0,0,0
1780379675.8822103,grupo-consumidores,-1,0,0,0,0
1780379675.8822103,grupo-reintentos,-1,0,0,0,0
1780379685.88388,grupo-consumidores,-1,0,0,0,0
1780379685.88388,grupo-reintentos,-1,0,0,0,0
1780379695.885814,grupo-consumidores,-1,0,0,0,0
1780379695.885814,grupo-reintentos,-1,0,0,0,0
1780379705.887814,grupo-consumidores,-1,0,0,0,0
1780379705.887814,grupo-reintentos,-1,0,0,0,0
1780379715.8898644,grupo-consumidores,-1,0,0,0,0
1780379715.8898644,grupo-reintentos,-1,0,0,0,0
1780379725.8917642,grupo-consumidores,-1,0,0,0,0
1780379725.8917642,grupo-reintentos,-1,0,0,0,0
1780379735.8936067,grupo-consumidores,-1,0,0,0,0
1780379735.8936067,grupo-reintentos,-1,0,0,0,0
1780379745.8957083,grupo-consumidores,-1,0,0,0,0
1780379745.8957083,grupo-reintentos,-1,0,0,0,0
1780379755.8975992,grupo-consumidores,-1,0,0,0,0
1780379755.8975992,grupo-reintentos,-1,0,0,0,0
1780379765.8994122,grupo-consumidores,-1,0,0,0,0
1780379765.8994122,grupo-reintentos,-1,0,0,0,0
1780379775.9017205,grupo-consumidores,-1,0,0,0,0
1780379775.9017205,grupo-reintentos,-1,0,0,0,0
1780379785.9038205,grupo-consumidores,-1,0,0,0,0
1780379785.9038205,grupo-reintentos,-1,0,0,0,0
1780379795.9054284,grupo-consumidores,-1,0,0,0,0
1780379795.9054284,grupo-reintentos,-1,0,0,0,0
1780379805.9067202,grupo-consumidores,-1,0,0,0,0
1780379805.9067202,grupo-reintentos,-1,0,0,0,0
1780379815.908419,grupo-consumidores,-1,0,0,0,0
1780379815.908419,grupo-reintentos,-1,0,0,0,0
1780379825.910097,grupo-consumidores,-1,0,0,0,0
1780379825.910097,grupo-reintentos,-1,0,0,0,0
1780379835.9122567,grupo-consumidores,-1,0,0,0,0
1780379835.9122567,grupo-reintentos,-1,0,0,0,0
1780379845.9137342,grupo-consumidores,-1,0,0,0,0
1780379845.9137342,grupo-reintentos,-1,0,0,0,0
1780379855.9156237,grupo-consumidores,-1,0,0,0,0
1780379855.9156237,grupo-reintentos,-1,0,0,0,0
1780379865.9179099,grupo-consumidores,-1,0,0,0,0
1780379865.9179099,grupo-reintentos,-1,0,0,0,0
1780379875.9200537,grupo-consumidores,-1,0,0,0,0
1780379875.9200537,grupo-reintentos,-1,0,0,0,0
1780379885.9222686,grupo-consumidores,-1,0,0,0,0
1780379885.9222686,grupo-reintentos,-1,0,0,0,0
1780379895.9241717,grupo-consumidores,-1,0,0,0,0
1780379895.9241717,grupo-reintentos,-1,0,0,0,0
1780379905.9259908,grupo-consumidores,-1,0,0,0,0
1780379905.9259908,grupo-reintentos,-1,0,0,0,0
1780379915.927839,grupo-consumidores,-1,0,0,0,0
1780379915.927839,grupo-reintentos,-1,0,0,0,0
1780379925.9294345,grupo-consumidores,-1,0,0,0,0
1780379925.9294345,grupo-reintentos,-1,0,0,0,0
1780379935.9313343,grupo-consumidores,-1,0,0,0,0
1780379935.9313343,grupo-reintentos,-1,0,0,0,0
1780379945.93293,grupo-consumidores,-1,0,0,0,0
1780379945.93293,grupo-reintentos,-1,0,0,0,0
1780379955.9347887,grupo-consumidores,-1,0,0,0,0
1780379955.9347887,grupo-reintentos,-1,0,0,0,0
1780379965.936361,grupo-consumidores,-1,0,0,0,0
1780379965.936361,grupo-reintentos,-1,0,0,0,0
1780379975.9369693,grupo-consumidores,-1,0,0,0,0
1780379975.9369693,grupo-reintentos,-1,0,0,0,0
1780379985.938643,grupo-consumidores,-1,0,0,0,0
1780379985.938643,grupo-reintentos,-1,0,0,0,0
1780379995.9406698,grupo-consumidores,-1,0,0,0,0
1780379995.9406698,grupo-reintentos,-1,0,0,0,0
1780380005.9424942,grupo-consumidores,-1,0,0,0,0
1780380005.9424942,grupo-reintentos,-1,0,0,0,0
1780380015.944273,grupo-consumidores,-1,0,0,0,0
1780380015.944273,grupo-reintentos,-1,0,0,0,0
1780380025.9460948,grupo-consumidores,-1,0,0,0,0
1780380025.9460948,grupo-reintentos,-1,0,0,0,0
1780380035.947579,grupo-consumidores,-1,0,0,0,0
1780380035.947579,grupo-reintentos,-1,0,0,0,0
1780380045.9483826,grupo-consumidores,-1,0,0,0,0
1780380045.9483826,grupo-reintentos,-1,0,0,0,0
1780380055.9495761,grupo-consumidores,-1,0,0,0,0
1780380055.9495761,grupo-reintentos,-1,0,0,0,0
1780380065.9512072,grupo-consumidores,-1,0,0,0,0
1780380065.9512072,grupo-reintentos,-1,0,0,0,0
1780380075.9521208,grupo-consumidores,-1,0,0,0,0
1780380075.9521208,grupo-reintentos,-1,0,0,0,0
1780380085.954474,grupo-consumidores,-1,0,0,0,0
1780380085.954474,grupo-reintentos,-1,0,0,0,0
1780380095.9553463,grupo-consumidores,-1,0,0,0,0
1780380095.9553463,grupo-reintentos,-1,0,0,0,0
1780380105.957066,grupo-consumidores,-1,0,0,0,0
1780380105.957066,grupo-reintentos,-1,0,0,0,0
1780380115.9589162,grupo-consumidores,-1,0,0,0,0
1780380115.9589162,grupo-reintentos,-1,0,0,0,0
1780380125.9604948,grupo-consumidores,-1,0,0,0,0
1780380125.9604948,grupo-reintentos,-1,0,0,0,0
1780380135.962065,grupo-consumidores,-1,0,0,0,0
1780380135.962065,grupo-reintentos,-1,0,0,0,0
1780380145.9632518,grupo-consumidores,-1,0,0,0,0
1780380145.9632518,grupo-reintentos,-1,0,0,0,0
1780380155.964918,grupo-consumidores,-1,0,0,0,0
1780380155.964918,grupo-reintentos,-1,0,0,0,0
1780380165.9660149,grupo-consumidores,-1,0,0,0,0
1780380165.9660149,grupo-reintentos,-1,0,0,0,0
1780380175.9670455,grupo-consumidores,-1,0,0,0,0
1780380175.9670455,grupo-reintentos,-1,0,0,0,0
1780380185.968858,grupo-consumidores,-1,0,0,0,0
1780380185.968858,grupo-reintentos,-1,0,0,0,0
1780380195.9708338,grupo-consumidores,-1,0,0,0,0
1780380195.9708338,grupo-reintentos,-1,0,0,0,0
1780380205.9726336,grupo-consumidores,-1,0,0,0,0
1780380205.9726336,grupo-reintentos,-1,0,0,0,0
1780380215.9742792,grupo-consumidores,-1,0,0,0,0
1780380215.9742792,grupo-reintentos,-1,0,0,0,0
1780380225.9763467,grupo-consumidores,-1,0,0,0,0
1780380225.9763467,grupo-reintentos,-1,0,0,0,0
1780380235.9779763,grupo-consumidores,-1,0,0,0,0
1780380235.9779763,grupo-reintentos,-1,0,0,0,0
1780380245.9787183,grupo-consumidores,-1,0,0,0,0
1780380245.9787183,grupo-reintentos,-1,0,0,0,0
1780380255.980373,grupo-consumidores,-1,0,0,0,0
1780380255.980373,grupo-reintentos,-1,0,0,0,0
1780380265.9819272,grupo-consumidores,-1,0,0,0,0
1780380265.9819272,grupo-reintentos,-1,0,0,0,0
1780380275.9826498,grupo-consumidores,-1,0,0,0,0
1780380275.9826498,grupo-reintentos,-1,0,0,0,0
1780380285.9843845,grupo-consumidores,-1,0,0,0,0
1780380285.9843845,grupo-reintentos,-1,0,0,0,0
1780380295.986342,grupo-consumidores,-1,0,0,0,0
1780380295.986342,grupo-reintentos,-1,0,0,0,0
1780380305.9882646,grupo-consumidores,-1,0,0,0,0
1780380305.9882646,grupo-reintentos,-1,0,0,0,0
1780380315.989981,grupo-consumidores,-1,0,0,0,0
1780380315.989981,grupo-reintentos,-1,0,0,0,0
1780380325.9918735,grupo-consumidores,-1,0,0,0,0
1780380325.9918735,grupo-reintentos,-1,0,0,0,0
1780380335.9935303,grupo-consumidores,-1,0,0,0,0
1780380335.9935303,grupo-reintentos,-1,0,0,0,0
1780380345.994373,grupo-consumidores,-1,0,0,0,0
1780380345.994373,grupo-reintentos,-1,0,0,0,0
1780380355.9960392,grupo-consumidores,-1,0,0,0,0
1780380355.9960392,grupo-reintentos,-1,0,0,0,0
1780380365.9976478,grupo-consumidores,-1,0,0,0,0
1780380365.9976478,grupo-reintentos,-1,0,0,0,0
1780380375.998491,grupo-consumidores,-1,0,0,0,0
1780380375.998491,grupo-reintentos,-1,0,0,0,0
1780380386.0002785,grupo-consumidores,-1,0,0,0,0
1780380386.0002785,grupo-reintentos,-1,0,0,0,0
1780380396.00201,grupo-consumidores,-1,0,0,0,0
1780380396.00201,grupo-reintentos,-1,0,0,0,0
1780380406.0039103,grupo-consumidores,-1,0,0,0,0
1780380406.0039103,grupo-reintentos,-1,0,0,0,0
1780380416.0047932,grupo-consumidores,-1,0,0,0,0
1780380416.0047932,grupo-reintentos,-1,0,0,0,0
1780380426.0065029,grupo-consumidores,-1,0,0,0,0
1780380426.0065029,grupo-reintentos,-1,0,0,0,0
1780380436.0073242,grupo-consumidores,-1,0,0,0,0
1780380436.0073242,grupo-reintentos,-1,0,0,0,0
1780380446.0090935,grupo-consumidores,-1,0,0,0,0
1780380446.0090935,grupo-reintentos,-1,0,0,0,0
1780380456.0108576,grupo-consumidores,-1,0,0,0,0
1780380456.0108576,grupo-reintentos,-1,0,0,0,0
1780380466.011611,grupo-consumidores,-1,0,0,0,0
1780380466.011611,grupo-reintentos,-1,0,0,0,0
1780380476.0134814,grupo-consumidores,-1,0,0,0,0
1780380476.0134814,grupo-reintentos,-1,0,0,0,0
1780380486.0153737,grupo-consumidores,-1,0,0,0,0
1780380486.0153737,grupo-reintentos,-1,0,0,0,0
1780380496.0164812,grupo-consumidores,-1,0,0,0,0
1780380496.0164812,grupo-reintentos,-1,0,0,0,0
1780380506.018244,grupo-consumidores,-1,0,0,0,0
1780380506.018244,grupo-reintentos,-1,0,0,0,0
1780380516.0199087,grupo-consumidores,-1,0,0,0,0
1780380516.0199087,grupo-reintentos,-1,0,0,0,0
1780380526.0212488,grupo-consumidores,-1,0,0,0,0
1780380526.0212488,grupo-reintentos,-1,0,0,0,0
1780380536.0222003,grupo-consumidores,-1,0,0,0,0
1780380536.0222003,grupo-reintentos,-1,0,0,0,0
1780380546.0238137,grupo-consumidores,-1,0,0,0,0
1780380546.0238137,grupo-reintentos,-1,0,0,0,0
1780380556.0253603,grupo-consumidores,-1,0,0,0,0
1780380556.0253603,grupo-reintentos,-1,0,0,0,0
1780380566.0261745,grupo-consumidores,-1,0,0,0,0
1780380566.0261745,grupo-reintentos,-1,0,0,0,0
1780380576.0279975,grupo-consumidores,-1,0,0,0,0
1780380576.0279975,grupo-reintentos,-1,0,0,0,0
1780380586.029703,grupo-consumidores,-1,0,0,0,0
1780380586.029703,grupo-reintentos,-1,0,0,0,0
1780380596.0316007,grupo-consumidores,-1,0,0,0,0
1780380596.0316007,grupo-reintentos,-1,0,0,0,0
1780380606.0325644,grupo-consumidores,-1,0,0,0,0
1780380606.0325644,grupo-reintentos,-1,0,0,0,0
1780380616.0346217,grupo-consumidores,-1,0,0,0,0
1780380616.0346217,grupo-reintentos,-1,0,0,0,0
1780380626.0353441,grupo-consumidores,-1,0,0,0,0
1780380626.0353441,grupo-reintentos,-1,0,0,0,0
1780380636.036885,grupo-consumidores,-1,0,0,0,0
1780380636.036885,grupo-reintentos,-1,0,0,0,0
1780380646.0375211,grupo-consumidores,-1,0,0,0,0
1780380646.0375211,grupo-reintentos,-1,0,0,0,0
1780380656.0382645,grupo-consumidores,-1,0,0,0,0
1780380656.0382645,grupo-reintentos,-1,0,0,0,0
1780380666.0399656,grupo-consumidores,-1,0,0,0,0
1780380666.0399656,grupo-reintentos,-1,0,0,0,0
1780380676.0410852,grupo-consumidores,-1,0,0,0,0
1780380676.0410852,grupo-reintentos,-1,0,0,0,0
1780380686.0430443,grupo-consumidores,-1,0,0,0,0
1780380686.0430443,grupo-reintentos,-1,0,0,0,0
1780380696.0444572,grupo-consumidores,-1,0,0,0,0
1780380696.0444572,grupo-reintentos,-1,0,0,0,0
1780380706.0453112,grupo-consumidores,-1,0,0,0,0
1780380706.0453112,grupo-reintentos,-1,0,0,0,0
1780380716.0468655,grupo-consumidores,-1,0,0,0,0
1780380716.0468655,grupo-reintentos,-1,0,0,0,0
1780380726.0486174,grupo-consumidores,-1,0,0,0,0
1780380726.0486174,grupo-reintentos,-1,0,0,0,0
1780380736.0492454,grupo-consumidores,-1,0,0,0,0
1780380736.0492454,grupo-reintentos,-1,0,0,0,0
1780380746.0502484,grupo-consumidores,-1,0,0,0,0
1780380746.0502484,grupo-reintentos,-1,0,0,0,0
1780380756.0517902,grupo-consumidores,-1,0,0,0,0
1780380756.0517902,grupo-reintentos,-1,0,0,0,0
1780380766.052694,grupo-consumidores,-1,0,0,0,0
1780380766.052694,grupo-reintentos,-1,0,0,0,0
1780380776.0542445,grupo-consumidores,-1,0,0,0,0
1780380776.0542445,grupo-reintentos,-1,0,0,0,0
1780380786.0556884,grupo-consumidores,-1,0,0,0,0
1780380786.0556884,grupo-reintentos,-1,0,0,0,0
1780380796.056488,grupo-consumidores,-1,0,0,0,0
1780380796.056488,grupo-reintentos,-1,0,0,0,0
1780380806.0573199,grupo-consumidores,-1,0,0,0,0
1780380806.0573199,grupo-reintentos,-1,0,0,0,0
1780380816.0584652,grupo-consumidores,-1,0,0,0,0
1780380816.0584652,grupo-reintentos,-1,0,0,0,0
1780380826.0601006,grupo-consumidores,-1,0,0,0,0
1780380826.0601006,grupo-reintentos,-1,0,0,0,0
1780380836.0610223,grupo-consumidores,-1,0,0,0,0
1780380836.0610223,grupo-reintentos,-1,0,0,0,0
1780380846.0629153,grupo-consumidores,-1,0,0,0,0
1780380846.0629153,grupo-reintentos,-1,0,0,0,0
1780380856.0648236,grupo-consumidores,-1,0,0,0,0
1780380856.0648236,grupo-reintentos,-1,0,0,0,0
1780380866.0656135,grupo-consumidores,-1,0,0,0,0
1780380866.0656135,grupo-reintentos,-1,0,0,0,0
1780380876.067366,grupo-consumidores,-1,0,0,0,0
1780380876.067366,grupo-reintentos,-1,0,0,0,0
1780380886.0691352,grupo-consumidores,-1,0,0,0,0
1780380886.0691352,grupo-reintentos,-1,0,0,0,0
1780380896.0708501,grupo-consumidores,-1,0,0,0,0
1780380896.0708501,grupo-reintentos,-1,0,0,0,0
1780380906.0720377,grupo-consumidores,-1,0,0,0,0
1780380906.0720377,grupo-reintentos,-1,0,0,0,0
1780380916.0730247,grupo-consumidores,-1,0,0,0,0
1780380916.0730247,grupo-reintentos,-1,0,0,0,0
1780380926.074816,grupo-consumidores,-1,0,0,0,0
1780380926.074816,grupo-reintentos,-1,0,0,0,0
1780380936.075527,grupo-consumidores,-1,0,0,0,0
1780380936.075527,grupo-reintentos,-1,0,0,0,0
1780380946.0768898,grupo-consumidores,-1,0,0,0,0
1780380946.0768898,grupo-reintentos,-1,0,0,0,0
1780380956.0789537,grupo-consumidores,-1,0,0,0,0
1780380956.0789537,grupo-reintentos,-1,0,0,0,0
1780380966.08109,grupo-consumidores,-1,0,0,0,0
1780380966.08109,grupo-reintentos,-1,0,0,0,0
1780380976.0828795,grupo-consumidores,-1,0,0,0,0
1780380976.0828795,grupo-reintentos,-1,0,0,0,0
1780380986.0849624,grupo-consumidores,-1,0,0,0,0
1780380986.0849624,grupo-reintentos,-1,0,0,0,0
1780380996.0868099,grupo-consumidores,-1,0,0,0,0
1780380996.0868099,grupo-reintentos,-1,0,0,0,0
1780381006.0890963,grupo-consumidores,-1,0,0,0,0
1780381006.0890963,grupo-reintentos,-1,0,0,0,0
1780381016.090187,grupo-consumidores,-1,0,0,0,0
1780381016.090187,grupo-reintentos,-1,0,0,0,0
1780381026.0909653,grupo-consumidores,-1,0,0,0,0
1780381026.0909653,grupo-reintentos,-1,0,0,0,0
1780381036.0928552,grupo-consumidores,-1,0,0,0,0
1780381036.0928552,grupo-reintentos,-1,0,0,0,0
1780381046.0946004,grupo-consumidores,-1,0,0,0,0
1780381046.0946004,grupo-reintentos,-1,0,0,0,0
1780381056.096909,grupo-consumidores,-1,0,0,0,0
1780381056.096909,grupo-reintentos,-1,0,0,0,0
1780381066.1007993,grupo-consumidores,-1,0,0,0,0
1780381066.1007993,grupo-reintentos,-1,0,0,0,0
1780381076.101709,grupo-consumidores,-1,0,0,0,0
1780381076.101709,grupo-reintentos,-1,0,0,0,0
1780381086.1033316,grupo-consumidores,-1,0,0,0,0
1780381086.1033316,grupo-reintentos,-1,0,0,0,0
1780381096.104015,grupo-consumidores,-1,0,0,0,0
1780381096.104015,grupo-reintentos,-1,0,0,0,0
1780381106.1051927,grupo-consumidores,-1,0,0,0,0
1780381106.1051927,grupo-reintentos,-1,0,0,0,0
1780381116.1069164,grupo-consumidores,-1,0,0,0,0
1780381116.1069164,grupo-reintentos,-1,0,0,0,0
1780381126.1078026,grupo-consumidores,-1,0,0,0,0
1780381126.1078026,grupo-reintentos,-1,0,0,0,0
1780381136.1095998,grupo-consumidores,-1,0,0,0,0
1780381136.1095998,grupo-reintentos,-1,0,0,0,0
1780381146.1115313,grupo-consumidores,-1,0,0,0,0
1780381146.1115313,grupo-reintentos,-1,0,0,0,0
1780381156.1134489,grupo-consumidores,-1,0,0,0,0
1780381156.1134489,grupo-reintentos,-1,0,0,0,0
1780381166.1149876,grupo-consumidores,-1,0,0,0,0
1780381166.1149876,grupo-reintentos,-1,0,0,0,0
1780381176.116864,grupo-consumidores,-1,0,0,0,0
1780381176.116864,grupo-reintentos,-1,0,0,0,0
1780381186.1184294,grupo-consumidores,-1,0,0,0,0
1780381186.1184294,grupo-reintentos,-1,0,0,0,0
1780381196.1193216,grupo-consumidores,-1,0,0,0,0
1780381196.1193216,grupo-reintentos,-1,0,0,0,0
1780381206.1203806,grupo-consumidores,-1,0,0,0,0
1780381206.1203806,grupo-reintentos,-1,0,0,0,0
1780381216.122136,grupo-consumidores,-1,0,0,0,0
1780381216.122136,grupo-reintentos,-1,0,0,0,0
1780381226.1238487,grupo-consumidores,-1,0,0,0,0
1780381226.1238487,grupo-reintentos,-1,0,0,0,0
1780381236.127172,grupo-consumidores,-1,0,0,0,0
1780381236.127172,grupo-reintentos,-1,0,0,0,0
1780381246.1281497,grupo-consumidores,-1,0,0,0,0
1780381246.1281497,grupo-reintentos,-1,0,0,0,0
1780381256.129846,grupo-consumidores,-1,0,0,0,0
1780381256.129846,grupo-reintentos,-1,0,0,0,0
1780381266.1318357,grupo-consumidores,-1,0,0,0,0
1780381266.1318357,grupo-reintentos,-1,0,0,0,0
1780381276.1339262,grupo-consumidores,-1,0,0,0,0
1780381276.1339262,grupo-reintentos,-1,0,0,0,0
1780381286.1358597,grupo-consumidores,-1,0,0,0,0
1780381286.1358597,grupo-reintentos,-1,0,0,0,0
1780381296.1379182,grupo-consumidores,-1,0,0,0,0
1780381296.1379182,grupo-reintentos,-1,0,0,0,0
1780381306.1387722,grupo-consumidores,-1,0,0,0,0
1780381306.1387722,grupo-reintentos,-1,0,0,0,0
1780381316.140252,grupo-consumidores,-1,0,0,0,0
1780381316.140252,grupo-reintentos,-1,0,0,0,0
1780381326.1419315,grupo-consumidores,-1,0,0,0,0
1780381326.1419315,grupo-reintentos,-1,0,0,0,0
1780381336.1435459,grupo-consumidores,-1,0,0,0,0
1780381336.1435459,grupo-reintentos,-1,0,0,0,0
1780381346.144356,grupo-consumidores,-1,0,0,0,0
1780381346.144356,grupo-reintentos,-1,0,0,0,0
1780381356.1454608,grupo-consumidores,-1,0,0,0,0
1780381356.1454608,grupo-reintentos,-1,0,0,0,0
1780381366.1472864,grupo-consumidores,-1,0,0,0,0
1780381366.1472864,grupo-reintentos,-1,0,0,0,0
1780381376.1486735,grupo-consumidores,-1,0,0,0,0
1780381376.1486735,grupo-reintentos,-1,0,0,0,0
1780381386.1512108,grupo-consumidores,-1,0,0,0,0
1780381386.1512108,grupo-reintentos,-1,0,0,0,0
1780381396.152652,grupo-consumidores,-1,0,0,0,0
1780381396.152652,grupo-reintentos,-1,0,0,0,0
1780381406.1534882,grupo-consumidores,-1,0,0,0,0
1780381406.1534882,grupo-reintentos,-1,0,0,0,0
1780381416.1551664,grupo-consumidores,-1,0,0,0,0
1780381416.1551664,grupo-reintentos,-1,0,0,0,0
1780381426.1569564,grupo-consumidores,-1,0,0,0,0
1780381426.1569564,grupo-reintentos,-1,0,0,0,0
1780381436.1579301,grupo-consumidores,-1,0,0,0,0
1780381436.1579301,grupo-reintentos,-1,0,0,0,0
1780381446.159853,grupo-consumidores,-1,0,0,0,0
1780381446.159853,grupo-reintentos,-1,0,0,0,0
1780381456.1616557,grupo-consumidores,-1,0,0,0,0
1780381456.1616557,grupo-reintentos,-1,0,0,0,0
1780381466.1627576,grupo-consumidores,-1,0,0,0,0
1780381466.1627576,grupo-reintentos,-1,0,0,0,0
1780381476.1635556,grupo-consumidores,-1,0,0,0,0
1780381476.1635556,grupo-reintentos,-1,0,0,0,0
1780381486.1649766,grupo-consumidores,-1,0,0,0,0
1780381486.1649766,grupo-reintentos,-1,0,0,0,0
1780381496.1667953,grupo-consumidores,-1,0,0,0,0
1780381496.1667953,grupo-reintentos,-1,0,0,0,0
1780381506.1688812,grupo-consumidores,-1,0,0,0,0
1780381506.1688812,grupo-reintentos,-1,0,0,0,0
1780381516.1795473,grupo-consumidores,-1,0,0,0,0
1780381516.1795473,grupo-reintentos,-1,0,0,0,0
1780381526.1818776,grupo-consumidores,-1,0,0,0,0
1780381526.1818776,grupo-reintentos,-1,0,0,0,0
1780381536.1835012,grupo-consumidores,-1,0,0,0,0
1780381536.1835012,grupo-reintentos,-1,0,0,0,0
1780381546.1852894,grupo-consumidores,-1,0,0,0,0
1780381546.1852894,grupo-reintentos,-1,0,0,0,0
1780381556.186882,grupo-consumidores,-1,0,0,0,0
1780381556.186882,grupo-reintentos,-1,0,0,0,0
1780381566.1885424,grupo-consumidores,-1,0,0,0,0
1780381566.1885424,grupo-reintentos,-1,0,0,0,0
1780381576.19025,grupo-consumidores,-1,0,0,0,0
1780381576.19025,grupo-reintentos,-1,0,0,0,0
1780381586.1917846,grupo-consumidores,-1,0,0,0,0
1780381586.1917846,grupo-reintentos,-1,0,0,0,0
1780381596.1924253,grupo-consumidores,-1,0,0,0,0
1780381596.1924253,grupo-reintentos,-1,0,0,0,0
1780381606.193911,grupo-consumidores,-1,0,0,0,0
1780381606.193911,grupo-reintentos,-1,0,0,0,0
1780381616.1959174,grupo-consumidores,-1,0,0,0,0
1780381616.1959174,grupo-reintentos,-1,0,0,0,0
1780381626.1971781,grupo-consumidores,-1,0,0,0,0
1780381626.1971781,grupo-reintentos,-1,0,0,0,0
1780381636.1988358,grupo-consumidores,-1,0,0,0,0
1780381636.1988358,grupo-reintentos,-1,0,0,0,0
1780381646.2001102,grupo-consumidores,-1,0,0,0,0
1780381646.2001102,grupo-reintentos,-1,0,0,0,0
1780381656.2019937,grupo-consumidores,-1,0,0,0,0
1780381656.2019937,grupo-reintentos,-1,0,0,0,0
1780381666.2030613,grupo-consumidores,-1,0,0,0,0
1780381666.2030613,grupo-reintentos,-1,0,0,0,0
1780381676.204421,grupo-consumidores,-1,0,0,0,0
1780381676.204421,grupo-reintentos,-1,0,0,0,0
1780381686.2062135,grupo-consumidores,-1,0,0,0,0
1780381686.2062135,grupo-reintentos,-1,0,0,0,0
1780381696.206898,grupo-consumidores,-1,0,0,0,0
1780381696.206898,grupo-reintentos,-1,0,0,0,0
1780381706.208582,grupo-consumidores,-1,0,0,0,0
1780381706.208582,grupo-reintentos,-1,0,0,0,0
1780381716.210361,grupo-consumidores,-1,0,0,0,0
1780381716.210361,grupo-reintentos,-1,0,0,0,0
1780381726.212086,grupo-consumidores,-1,0,0,0,0
1780381726.212086,grupo-reintentos,-1,0,0,0,0
1780381736.214101,grupo-consumidores,-1,0,0,0,0
1780381736.214101,grupo-reintentos,-1,0,0,0,0
1780381746.2155294,grupo-consumidores,-1,0,0,0,0
1780381746.2155294,grupo-reintentos,-1,0,0,0,0
1780381756.2185311,grupo-consumidores,-1,0,0,0,0
1780381756.2185311,grupo-reintentos,-1,0,0,0,0
1780381766.219485,grupo-consumidores,-1,0,0,0,0
1780381766.219485,grupo-reintentos,-1,0,0,0,0
1780381776.2210698,grupo-consumidores,-1,0,0,0,0
1780381776.2210698,grupo-reintentos,-1,0,0,0,0
1780381786.2229836,grupo-consumidores,-1,0,0,0,0
1780381786.2229836,grupo-reintentos,-1,0,0,0,0
1780381796.2248497,grupo-consumidores,-1,0,0,0,0
1780381796.2248497,grupo-reintentos,-1,0,0,0,0
1780381806.2267125,grupo-consumidores,-1,0,0,0,0
1780381806.2267125,grupo-reintentos,-1,0,0,0,0
1780381816.2285414,grupo-consumidores,-1,0,0,0,0
1780381816.2285414,grupo-reintentos,-1,0,0,0,0
1780381826.2298155,grupo-consumidores,-1,0,0,0,0
1780381826.2298155,grupo-reintentos,-1,0,0,0,0
1780381836.231717,grupo-consumidores,-1,0,0,0,0
1780381836.231717,grupo-reintentos,-1,0,0,0,0
1780381846.23335,grupo-consumidores,-1,0,0,0,0
1780381846.23335,grupo-reintentos,-1,0,0,0,0
1780381856.235372,grupo-consumidores,-1,0,0,0,0
1780381856.235372,grupo-reintentos,-1,0,0,0,0
1780381866.237246,grupo-consumidores,-1,0,0,0,0
1780381866.237246,grupo-reintentos,-1,0,0,0,0
1780381876.2381146,grupo-consumidores,-1,0,0,0,0
1780381876.2381146,grupo-reintentos,-1,0,0,0,0
1780381886.2399693,grupo-consumidores,-1,0,0,0,0
1780381886.2399693,grupo-reintentos,-1,0,0,0,0
1780381896.2414746,grupo-consumidores,-1,0,0,0,0
1780381896.2414746,grupo-reintentos,-1,0,0,0,0
1780381906.243192,grupo-consumidores,-1,0,0,0,0
1780381906.243192,grupo-reintentos,-1,0,0,0,0
1780381916.2449567,grupo-consumidores,-1,0,0,0,0
1780381916.2449567,grupo-reintentos,-1,0,0,0,0
1780381926.2456136,grupo-consumidores,-1,0,0,0,0
1780381926.2456136,grupo-reintentos,-1,0,0,0,0
1780381936.2476246,grupo-consumidores,-1,0,0,0,0
1780381936.2476246,grupo-reintentos,-1,0,0,0,0
1780381946.2484376,grupo-consumidores,-1,0,0,0,0
1780381946.2484376,grupo-reintentos,-1,0,0,0,0
1780381956.2493012,grupo-consumidores,-1,0,0,0,0
1780381956.2493012,grupo-reintentos,-1,0,0,0,0
1780381966.2510643,grupo-consumidores,-1,0,0,0,0
1780381966.2510643,grupo-reintentos,-1,0,0,0,0
1780381976.2525504,grupo-consumidores,-1,0,0,0,0
1780381976.2525504,grupo-reintentos,-1,0,0,0,0
1780381986.2542148,grupo-consumidores,-1,0,0,0,0
1780381986.2542148,grupo-reintentos,-1,0,0,0,0
1780381996.2561352,grupo-consumidores,-1,0,0,0,0
1780381996.2561352,grupo-reintentos,-1,0,0,0,0
1780382006.2577999,grupo-consumidores,-1,0,0,0,0
1780382006.2577999,grupo-reintentos,-1,0,0,0,0
1780382016.2597234,grupo-consumidores,-1,0,0,0,0
1780382016.2597234,grupo-reintentos,-1,0,0,0,0
1780382026.2606332,grupo-consumidores,-1,0,0,0,0
1780382026.2606332,grupo-reintentos,-1,0,0,0,0
1780382036.2613897,grupo-consumidores,-1,0,0,0,0
1780382036.2613897,grupo-reintentos,-1,0,0,0,0
1780382046.263272,grupo-consumidores,-1,0,0,0,0
1780382046.263272,grupo-reintentos,-1,0,0,0,0
1780382056.2640412,grupo-consumidores,-1,0,0,0,0
1780382056.2640412,grupo-reintentos,-1,0,0,0,0
1780382066.2649689,grupo-consumidores,-1,0,0,0,0
1780382066.2649689,grupo-reintentos,-1,0,0,0,0
1780382076.2657595,grupo-consumidores,-1,0,0,0,0
1780382076.2657595,grupo-reintentos,-1,0,0,0,0
1780382086.266532,grupo-consumidores,-1,0,0,0,0
1780382086.266532,grupo-reintentos,-1,0,0,0,0
1780382096.2676313,grupo-consumidores,-1,0,0,0,0
1780382096.2676313,grupo-reintentos,-1,0,0,0,0
1780382106.2687645,grupo-consumidores,-1,0,0,0,0
1780382106.2687645,grupo-reintentos,-1,0,0,0,0
1780382116.2695627,grupo-consumidores,-1,0,0,0,0
1780382116.2695627,grupo-reintentos,-1,0,0,0,0
1780382126.270253,grupo-consumidores,-1,0,0,0,0
1780382126.270253,grupo-reintentos,-1,0,0,0,0
1780382136.2720134,grupo-consumidores,-1,0,0,0,0
1780382136.2720134,grupo-reintentos,-1,0,0,0,0
1780382146.2730162,grupo-consumidores,-1,0,0,0,0
1780382146.2730162,grupo-reintentos,-1,0,0,0,0
1780382156.273838,grupo-consumidores,-1,0,0,0,0
1780382156.273838,grupo-reintentos,-1,0,0,0,0
1780382166.2757401,grupo-consumidores,-1,0,0,0,0
1780382166.2757401,grupo-reintentos,-1,0,0,0,0
1780382176.2775466,grupo-consumidores,-1,0,0,0,0
1780382176.2775466,grupo-reintentos,-1,0,0,0,0
1780382186.278728,grupo-consumidores,-1,0,0,0,0
1780382186.278728,grupo-reintentos,-1,0,0,0,0
1780382196.2797945,grupo-consumidores,-1,0,0,0,0
1780382196.2797945,grupo-reintentos,-1,0,0,0,0
1780382206.2808018,grupo-consumidores,-1,0,0,0,0
1780382206.2808018,grupo-reintentos,-1,0,0,0,0
1780382216.2826676,grupo-consumidores,-1,0,0,0,0
1780382216.2826676,grupo-reintentos,-1,0,0,0,0
1780382226.2837267,grupo-consumidores,-1,0,0,0,0
1780382226.2837267,grupo-reintentos,-1,0,0,0,0
1780382236.2845323,grupo-consumidores,-1,0,0,0,0
1780382236.2845323,grupo-reintentos,-1,0,0,0,0
1780382246.2864523,grupo-consumidores,-1,0,0,0,0
1780382246.2864523,grupo-reintentos,-1,0,0,0,0
1780382256.2883918,grupo-consumidores,-1,0,0,0,0
1780382256.2883918,grupo-reintentos,-1,0,0,0,0
1780382266.290465,grupo-consumidores,-1,0,0,0,0
1780382266.290465,grupo-reintentos,-1,0,0,0,0
1780382276.2919335,grupo-consumidores,-1,0,0,0,0
1780382276.2919335,grupo-reintentos,-1,0,0,0,0
1780382286.2938952,grupo-consumidores,-1,0,0,0,0
1780382286.2938952,grupo-reintentos,-1,0,0,0,0
1780382296.295713,grupo-consumidores,-1,0,0,0,0
1780382296.295713,grupo-reintentos,-1,0,0,0,0
1780382306.2977781,grupo-consumidores,-1,0,0,0,0
1780382306.2977781,grupo-reintentos,-1,0,0,0,0
1780382316.299302,grupo-consumidores,-1,0,0,0,0
1780382316.299302,grupo-reintentos,-1,0,0,0,0
1780382326.3010263,grupo-consumidores,-1,0,0,0,0
1780382326.3010263,grupo-reintentos,-1,0,0,0,0
1780382336.3027444,grupo-consumidores,-1,0,0,0,0
1780382336.3027444,grupo-reintentos,-1,0,0,0,0
1780382346.3045964,grupo-consumidores,-1,0,0,0,0
1780382346.3045964,grupo-reintentos,-1,0,0,0,0
1780382356.305275,grupo-consumidores,-1,0,0,0,0
1780382356.305275,grupo-reintentos,-1,0,0,0,0
1780382366.306978,grupo-consumidores,-1,0,0,0,0
1780382366.306978,grupo-reintentos,-1,0,0,0,0
1780382376.3080387,grupo-consumidores,-1,0,0,0,0
1780382376.3080387,grupo-reintentos,-1,0,0,0,0
1780382386.3099024,grupo-consumidores,-1,0,0,0,0
1780382386.3099024,grupo-reintentos,-1,0,0,0,0
1780382396.3119762,grupo-consumidores,-1,0,0,0,0
1780382396.3119762,grupo-reintentos,-1,0,0,0,0
1780382406.3138545,grupo-consumidores,-1,0,0,0,0
1780382406.3138545,grupo-reintentos,-1,0,0,0,0
1780382416.3159359,grupo-consumidores,-1,0,0,0,0
1780382416.3159359,grupo-reintentos,-1,0,0,0,0
1780382426.3177457,grupo-consumidores,-1,0,0,0,0
1780382426.3177457,grupo-reintentos,-1,0,0,0,0
1780382436.319764,grupo-consumidores,-1,0,0,0,0
1780382436.319764,grupo-reintentos,-1,0,0,0,0
1780382446.3217864,grupo-consumidores,-1,0,0,0,0
1780382446.3217864,grupo-reintentos,-1,0,0,0,0
1780382456.3239803,grupo-consumidores,-1,0,0,0,0
1780382456.3239803,grupo-reintentos,-1,0,0,0,0
1780382466.3260117,grupo-consumidores,-1,0,0,0,0
1780382466.3260117,grupo-reintentos,-1,0,0,0,0
1780382476.3279746,grupo-consumidores,-1,0,0,0,0
1780382476.3279746,grupo-reintentos,-1,0,0,0,0
1780382486.329927,grupo-consumidores,-1,0,0,0,0
1780382486.329927,grupo-reintentos,-1,0,0,0,0
1780382496.3316426,grupo-consumidores,-1,0,0,0,0
1780382496.3316426,grupo-reintentos,-1,0,0,0,0
1780382506.3334618,grupo-consumidores,-1,0,0,0,0
1780382506.3334618,grupo-reintentos,-1,0,0,0,0
1780382516.33537,grupo-consumidores,-1,0,0,0,0
1780382516.33537,grupo-reintentos,-1,0,0,0,0
1780382526.336981,grupo-consumidores,-1,0,0,0,0
1780382526.336981,grupo-reintentos,-1,0,0,0,0
1780382536.3389482,grupo-consumidores,-1,0,0,0,0
1780382536.3389482,grupo-reintentos,-1,0,0,0,0
1780382546.3407533,grupo-consumidores,-1,0,0,0,0
1780382546.3407533,grupo-reintentos,-1,0,0,0,0
1780382556.3417003,grupo-consumidores,-1,0,0,0,0
1780382556.3417003,grupo-reintentos,-1,0,0,0,0
1780382566.343633,grupo-consumidores,-1,0,0,0,0
1780382566.343633,grupo-reintentos,-1,0,0,0,0
1780382576.3453634,grupo-consumidores,-1,0,0,0,0
1780382576.3453634,grupo-reintentos,-1,0,0,0,0
1780382586.3472185,grupo-consumidores,-1,0,0,0,0
1780382586.3472185,grupo-reintentos,-1,0,0,0,0
1780382596.349203,grupo-consumidores,-1,0,0,0,0
1780382596.349203,grupo-reintentos,-1,0,0,0,0
1780382606.3511,grupo-consumidores,-1,0,0,0,0
1780382606.3511,grupo-reintentos,-1,0,0,0,0
1780382616.3529959,grupo-consumidores,-1,0,0,0,0
1780382616.3529959,grupo-reintentos,-1,0,0,0,0
1780382626.3549182,grupo-consumidores,-1,0,0,0,0
1780382626.3549182,grupo-reintentos,-1,0,0,0,0
1780382636.357078,grupo-consumidores,-1,0,0,0,0
1780382636.357078,grupo-reintentos,-1,0,0,0,0
1780382646.359149,grupo-consumidores,-1,0,0,0,0
1780382646.359149,grupo-reintentos,-1,0,0,0,0
1780382656.361117,grupo-consumidores,-1,0,0,0,0
1780382656.361117,grupo-reintentos,-1,0,0,0,0
1780382666.3629417,grupo-consumidores,-1,0,0,0,0
1780382666.3629417,grupo-reintentos,-1,0,0,0,0
1780382676.365015,grupo-consumidores,-1,0,0,0,0
1780382676.365015,grupo-reintentos,-1,0,0,0,0
1780382686.367079,grupo-consumidores,-1,0,0,0,0
1780382686.367079,grupo-reintentos,-1,0,0,0,0
1780382696.3690724,grupo-consumidores,-1,0,0,0,0
1780382696.3690724,grupo-reintentos,-1,0,0,0,0
1780382706.3709316,grupo-consumidores,-1,0,0,0,0
1780382706.3709316,grupo-reintentos,-1,0,0,0,0
1780382716.3811014,grupo-consumidores,-1,0,0,0,0
1780382716.3811014,grupo-reintentos,-1,0,0,0,0
1780382726.3832462,grupo-consumidores,-1,0,0,0,0
1780382726.3832462,grupo-reintentos,-1,0,0,0,0
1780382736.3867857,grupo-consumidores,-1,0,0,0,0
1780382736.3867857,grupo-reintentos,-1,0,0,0,0
1780382746.3884783,grupo-consumidores,-1,0,0,0,0
1780382746.3884783,grupo-reintentos,-1,0,0,0,0
1780382756.3894155,grupo-consumidores,-1,0,0,0,0
1780382756.3894155,grupo-reintentos,-1,0,0,0,0
1780382766.391115,grupo-consumidores,-1,0,0,0,0
1780382766.391115,grupo-reintentos,-1,0,0,0,0
1780382776.3932774,grupo-consumidores,-1,0,0,0,0
1780382776.3932774,grupo-reintentos,-1,0,0,0,0
1780382786.395264,grupo-consumidores,-1,0,0,0,0
1780382786.395264,grupo-reintentos,-1,0,0,0,0
1780382796.3972008,grupo-consumidores,-1,0,0,0,0
1780382796.3972008,grupo-reintentos,-1,0,0,0,0
1780382806.398123,grupo-consumidores,-1,0,0,0,0
1780382806.398123,grupo-reintentos,-1,0,0,0,0
1780382816.39994,grupo-consumidores,-1,0,0,0,0
1780382816.39994,grupo-reintentos,-1,0,0,0,0
1780382826.4017928,grupo-consumidores,-1,0,0,0,0
1780382826.4017928,grupo-reintentos,-1,0,0,0,0
1780382836.404032,grupo-consumidores,-1,0,0,0,0
1780382836.404032,grupo-reintentos,-1,0,0,0,0
1780382846.405855,grupo-consumidores,-1,0,0,0,0
1780382846.405855,grupo-reintentos,-1,0,0,0,0
1780382856.4068482,grupo-consumidores,-1,0,0,0,0
1780382856.4068482,grupo-reintentos,-1,0,0,0,0
1780382866.408791,grupo-consumidores,-1,0,0,0,0
1780382866.408791,grupo-reintentos,-1,0,0,0,0
1780382876.410981,grupo-consumidores,-1,0,0,0,0
1780382876.410981,grupo-reintentos,-1,0,0,0,0
1780382886.413029,grupo-consumidores,-1,0,0,0,0
1780382886.413029,grupo-reintentos,-1,0,0,0,0
1780382896.41506,grupo-consumidores,-1,0,0,0,0
1780382896.41506,grupo-reintentos,-1,0,0,0,0
1780382906.4170043,grupo-consumidores,-1,0,0,0,0
1780382906.4170043,grupo-reintentos,-1,0,0,0,0
1780382916.4185371,grupo-consumidores,-1,0,0,0,0
1780382916.4185371,grupo-reintentos,-1,0,0,0,0
1780382926.4200566,grupo-consumidores,-1,0,0,0,0
1780382926.4200566,grupo-reintentos,-1,0,0,0,0
1780382936.4218063,grupo-consumidores,-1,0,0,0,0
1780382936.4218063,grupo-reintentos,-1,0,0,0,0
1780382946.4233735,grupo-consumidores,-1,0,0,0,0
1780382946.4233735,grupo-reintentos,-1,0,0,0,0
1780382956.4247627,grupo-consumidores,-1,0,0,0,0
1780382956.4247627,grupo-reintentos,-1,0,0,0,0
1780382966.426612,grupo-consumidores,-1,0,0,0,0
1780382966.426612,grupo-reintentos,-1,0,0,0,0
1780382976.4280179,grupo-consumidores,-1,0,0,0,0
1780382976.4280179,grupo-reintentos,-1,0,0,0,0
1780382986.4297419,grupo-consumidores,-1,0,0,0,0
1780382986.4297419,grupo-reintentos,-1,0,0,0,0
1780382996.4316313,grupo-consumidores,-1,0,0,0,0
1780382996.4316313,grupo-reintentos,-1,0,0,0,0
1780383006.4325755,grupo-consumidores,-1,0,0,0,0
1780383006.4325755,grupo-reintentos,-1,0,0,0,0
1780383016.4347296,grupo-consumidores,-1,0,0,0,0
1780383016.4347296,grupo-reintentos,-1,0,0,0,0
1780383026.4368665,grupo-consumidores,-1,0,0,0,0
1780383026.4368665,grupo-reintentos,-1,0,0,0,0
1780383036.438704,grupo-consumidores,-1,0,0,0,0
1780383036.438704,grupo-reintentos,-1,0,0,0,0
1780383046.4396884,grupo-consumidores,-1,0,0,0,0
1780383046.4396884,grupo-reintentos,-1,0,0,0,0
1780383056.4415512,grupo-consumidores,-1,0,0,0,0
1780383056.4415512,grupo-reintentos,-1,0,0,0,0
1780383066.4434385,grupo-consumidores,-1,0,0,0,0
1780383066.4434385,grupo-reintentos,-1,0,0,0,0
1780383076.4454827,grupo-consumidores,-1,0,0,0,0
1780383076.4454827,grupo-reintentos,-1,0,0,0,0
1780383086.4464617,grupo-consumidores,-1,0,0,0,0
1780383086.4464617,grupo-reintentos,-1,0,0,0,0
1780383096.4484978,grupo-consumidores,-1,0,0,0,0
1780383096.4484978,grupo-reintentos,-1,0,0,0,0
1780383106.4502897,grupo-consumidores,-1,0,0,0,0
1780383106.4502897,grupo-reintentos,-1,0,0,0,0
1780383116.4516737,grupo-consumidores,-1,0,0,0,0
1780383116.4516737,grupo-reintentos,-1,0,0,0,0
1780383126.4524984,grupo-consumidores,-1,0,0,0,0
1780383126.4524984,grupo-reintentos,-1,0,0,0,0
1780383136.454606,grupo-consumidores,-1,0,0,0,0
1780383136.454606,grupo-reintentos,-1,0,0,0,0
1780383146.45632,grupo-consumidores,-1,0,0,0,0
1780383146.45632,grupo-reintentos,-1,0,0,0,0
1780383156.4582772,grupo-consumidores,-1,0,0,0,0
1780383156.4582772,grupo-reintentos,-1,0,0,0,0
1780383166.4600112,grupo-consumidores,-1,0,0,0,0
1780383166.4600112,grupo-reintentos,-1,0,0,0,0
1780383176.4606645,grupo-consumidores,-1,0,0,0,0
1780383176.4606645,grupo-reintentos,-1,0,0,0,0
1780383186.462331,grupo-consumidores,-1,0,0,0,0
1780383186.462331,grupo-reintentos,-1,0,0,0,0
1780383196.4640982,grupo-consumidores,-1,0,0,0,0
1780383196.4640982,grupo-reintentos,-1,0,0,0,0
1780383206.465025,grupo-consumidores,-1,0,0,0,0
1780383206.465025,grupo-reintentos,-1,0,0,0,0
1780383216.4667308,grupo-consumidores,-1,0,0,0,0
1780383216.4667308,grupo-reintentos,-1,0,0,0,0
1780383226.4673755,grupo-consumidores,-1,0,0,0,0
1780383226.4673755,grupo-reintentos,-1,0,0,0,0
1780383236.4691682,grupo-consumidores,-1,0,0,0,0
1780383236.4691682,grupo-reintentos,-1,0,0,0,0
1780383246.4700878,grupo-consumidores,-1,0,0,0,0
1780383246.4700878,grupo-reintentos,-1,0,0,0,0
1780383256.4721224,grupo-consumidores,-1,0,0,0,0
1780383256.4721224,grupo-reintentos,-1,0,0,0,0
1780383266.473934,grupo-consumidores,-1,0,0,0,0
1780383266.473934,grupo-reintentos,-1,0,0,0,0
1780383276.4757016,grupo-consumidores,-1,0,0,0,0
1780383276.4757016,grupo-reintentos,-1,0,0,0,0
1780383286.477399,grupo-consumidores,-1,0,0,0,0
1780383286.477399,grupo-reintentos,-1,0,0,0,0
1780383296.4794612,grupo-consumidores,-1,0,0,0,0
1780383296.4794612,grupo-reintentos,-1,0,0,0,0
1780383306.4809065,grupo-consumidores,-1,0,0,0,0
1780383306.4809065,grupo-reintentos,-1,0,0,0,0
1780383316.48243,grupo-consumidores,-1,0,0,0,0
1780383316.48243,grupo-reintentos,-1,0,0,0,0
1780383326.4839785,grupo-consumidores,-1,0,0,0,0
1780383326.4839785,grupo-reintentos,-1,0,0,0,0
1780383336.4847634,grupo-consumidores,-1,0,0,0,0
1780383336.4847634,grupo-reintentos,-1,0,0,0,0
1780383346.4854288,grupo-consumidores,-1,0,0,0,0
1780383346.4854288,grupo-reintentos,-1,0,0,0,0
1780383356.4862573,grupo-consumidores,-1,0,0,0,0
1780383356.4862573,grupo-reintentos,-1,0,0,0,0
1780383366.487974,grupo-consumidores,-1,0,0,0,0
1780383366.487974,grupo-reintentos,-1,0,0,0,0
1780383376.4897943,grupo-consumidores,-1,0,0,0,0
1780383376.4897943,grupo-reintentos,-1,0,0,0,0
1780383386.4918404,grupo-consumidores,-1,0,0,0,0
1780383386.4918404,grupo-reintentos,-1,0,0,0,0
1780383396.493049,grupo-consumidores,-1,0,0,0,0
1780383396.493049,grupo-reintentos,-1,0,0,0,0
1780383406.4939888,grupo-consumidores,-1,0,0,0,0
1780383406.4939888,grupo-reintentos,-1,0,0,0,0
1780383416.4954984,grupo-consumidores,-1,0,0,0,0
1780383416.4954984,grupo-reintentos,-1,0,0,0,0
1780383426.4972932,grupo-consumidores,-1,0,0,0,0
1780383426.4972932,grupo-reintentos,-1,0,0,0,0
1780383436.499298,grupo-consumidores,-1,0,0,0,0
1780383436.499298,grupo-reintentos,-1,0,0,0,0
1780383446.5009563,grupo-consumidores,-1,0,0,0,0
1780383446.5009563,grupo-reintentos,-1,0,0,0,0
1780383456.5027769,grupo-consumidores,-1,0,0,0,0
1780383456.5027769,grupo-reintentos,-1,0,0,0,0
1780383466.5047164,grupo-consumidores,-1,0,0,0,0
1780383466.5047164,grupo-reintentos,-1,0,0,0,0
1780383476.5401313,grupo-consumidores,-1,0,0,0,0
1780383476.5401313,grupo-reintentos,-1,0,0,0,0
1780383486.5411048,grupo-consumidores,-1,0,0,0,0
1780383486.5411048,grupo-reintentos,-1,0,0,0,0
1780383496.5430532,grupo-consumidores,-1,0,0,0,0
1780383496.5430532,grupo-reintentos,-1,0,0,0,0
1780383506.5447536,grupo-consumidores,-1,0,0,0,0
1780383506.5447536,grupo-reintentos,-1,0,0,0,0
1780383516.5463796,grupo-consumidores,-1,0,0,0,0
1780383516.5463796,grupo-reintentos,-1,0,0,0,0
1780383526.5478537,grupo-consumidores,-1,0,0,0,0
1780383526.5478537,grupo-reintentos,-1,0,0,0,0
1780383536.54944,grupo-consumidores,-1,0,0,0,0
1780383536.54944,grupo-reintentos,-1,0,0,0,0
1780383546.5513308,grupo-consumidores,-1,0,0,0,0
1780383546.5513308,grupo-reintentos,-1,0,0,0,0
1780383556.553286,grupo-consumidores,-1,0,0,0,0
1780383556.553286,grupo-reintentos,-1,0,0,0,0
1780383566.555219,grupo-consumidores,-1,0,0,0,0
1780383566.555219,grupo-reintentos,-1,0,0,0,0
1780383576.5569463,grupo-consumidores,-1,0,0,0,0
1780383576.5569463,grupo-reintentos,-1,0,0,0,0
1780383586.558208,grupo-consumidores,-1,0,0,0,0
1780383586.558208,grupo-reintentos,-1,0,0,0,0
1780383596.5590692,grupo-consumidores,-1,0,0,0,0
1780383596.5590692,grupo-reintentos,-1,0,0,0,0
1780383606.5606034,grupo-consumidores,-1,0,0,0,0
1780383606.5606034,grupo-reintentos,-1,0,0,0,0
1780383616.5620139,grupo-consumidores,-1,0,0,0,0
1780383616.5620139,grupo-reintentos,-1,0,0,0,0
1780383626.563772,grupo-consumidores,-1,0,0,0,0
1780383626.563772,grupo-reintentos,-1,0,0,0,0
1780383636.5657103,grupo-consumidores,-1,0,0,0,0
1780383636.5657103,grupo-reintentos,-1,0,0,0,0
1780383646.566647,grupo-consumidores,-1,0,0,0,0
1780383646.566647,grupo-reintentos,-1,0,0,0,0
1780383656.5685291,grupo-consumidores,-1,0,0,0,0
1780383656.5685291,grupo-reintentos,-1,0,0,0,0
1780383666.5698795,grupo-consumidores,-1,0,0,0,0
1780383666.5698795,grupo-reintentos,-1,0,0,0,0
1780383676.6056106,grupo-consumidores,-1,0,0,0,0
1780383676.6056106,grupo-reintentos,-1,0,0,0,0
1780383686.6074839,grupo-consumidores,-1,0,0,0,0
1780383686.6074839,grupo-reintentos,-1,0,0,0,0
1780383696.6084318,grupo-consumidores,-1,0,0,0,0
1780383696.6084318,grupo-reintentos,-1,0,0,0,0
1780383706.6093554,grupo-consumidores,-1,0,0,0,0
1780383706.6093554,grupo-reintentos,-1,0,0,0,0
1780383716.6114316,grupo-consumidores,-1,0,0,0,0
1780383716.6114316,grupo-reintentos,-1,0,0,0,0
1780383726.6128006,grupo-consumidores,-1,0,0,0,0
1780383726.6128006,grupo-reintentos,-1,0,0,0,0
1780383736.6144555,grupo-consumidores,-1,0,0,0,0
1780383736.6144555,grupo-reintentos,-1,0,0,0,0
1780383746.615975,grupo-consumidores,-1,0,0,0,0
1780383746.615975,grupo-reintentos,-1,0,0,0,0
1780383756.617762,grupo-consumidores,-1,0,0,0,0
1780383756.617762,grupo-reintentos,-1,0,0,0,0
1780383766.6191587,grupo-consumidores,-1,0,0,0,0
1780383766.6191587,grupo-reintentos,-1,0,0,0,0
1780383776.6206172,grupo-consumidores,-1,0,0,0,0
1780383776.6206172,grupo-reintentos,-1,0,0,0,0
1780383786.6221254,grupo-consumidores,-1,0,0,0,0
1780383786.6221254,grupo-reintentos,-1,0,0,0,0
1780383796.6239152,grupo-consumidores,-1,0,0,0,0
1780383796.6239152,grupo-reintentos,-1,0,0,0,0
1780383806.6257174,grupo-consumidores,-1,0,0,0,0
1780383806.6257174,grupo-reintentos,-1,0,0,0,0
1780383816.6274998,grupo-consumidores,-1,0,0,0,0
1780383816.6274998,grupo-reintentos,-1,0,0,0,0
1780383826.6282518,grupo-consumidores,-1,0,0,0,0
1780383826.6282518,grupo-reintentos,-1,0,0,0,0
1780383836.6300628,grupo-consumidores,-1,0,0,0,0
1780383836.6300628,grupo-reintentos,-1,0,0,0,0
1780383846.631802,grupo-consumidores,-1,0,0,0,0
1780383846.631802,grupo-reintentos,-1,0,0,0,0
1780383856.6332982,grupo-consumidores,-1,0,0,0,0
1780383856.6332982,grupo-reintentos,-1,0,0,0,0
1780383866.6349792,grupo-consumidores,-1,0,0,0,0
1780383866.6349792,grupo-reintentos,-1,0,0,0,0
1780383876.636739,grupo-consumidores,-1,0,0,0,0
1780383876.636739,grupo-reintentos,-1,0,0,0,0
1780383886.637454,grupo-consumidores,-1,0,0,0,0
1780383886.637454,grupo-reintentos,-1,0,0,0,0
1780383896.6388278,grupo-consumidores,-1,0,0,0,0
1780383896.6388278,grupo-reintentos,-1,0,0,0,0
1780383906.640569,grupo-consumidores,-1,0,0,0,0
1780383906.640569,grupo-reintentos,-1,0,0,0,0
1780383916.6426454,grupo-consumidores,-1,0,0,0,0
1780383916.6426454,grupo-reintentos,-1,0,0,0,0
1780383926.6440957,grupo-consumidores,-1,0,0,0,0
1780383926.6440957,grupo-reintentos,-1,0,0,0,0
1780383936.644938,grupo-consumidores,-1,0,0,0,0
1780383936.644938,grupo-reintentos,-1,0,0,0,0
1780383946.68029,grupo-consumidores,-1,0,0,0,0
1780383946.68029,grupo-reintentos,-1,0,0,0,0
1780383956.6819882,grupo-consumidores,-1,0,0,0,0
1780383956.6819882,grupo-reintentos,-1,0,0,0,0
1780383966.683528,grupo-consumidores,-1,0,0,0,0
1780383966.683528,grupo-reintentos,-1,0,0,0,0
1780383976.684732,grupo-consumidores,-1,0,0,0,0
1780383976.684732,grupo-reintentos,-1,0,0,0,0
1780383986.68643,grupo-consumidores,-1,0,0,0,0
1780383986.68643,grupo-reintentos,-1,0,0,0,0
1780383996.6878886,grupo-consumidores,-1,0,0,0,0
1780383996.6878886,grupo-reintentos,-1,0,0,0,0
1780384006.6898556,grupo-consumidores,-1,0,0,0,0
1780384006.6898556,grupo-reintentos,-1,0,0,0,0
1780384016.6918309,grupo-consumidores,-1,0,0,0,0
1780384016.6918309,grupo-reintentos,-1,0,0,0,0
1780384026.6937628,grupo-consumidores,-1,0,0,0,0
1780384026.6937628,grupo-reintentos,-1,0,0,0,0
1780384036.6956902,grupo-consumidores,-1,0,0,0,0
1780384036.6956902,grupo-reintentos,-1,0,0,0,0
1780384046.6978528,grupo-consumidores,-1,0,0,0,0
1780384046.6978528,grupo-reintentos,-1,0,0,0,0
1780384056.6997359,grupo-consumidores,-1,0,0,0,0
1780384056.6997359,grupo-reintentos,-1,0,0,0,0
1780384066.701535,grupo-consumidores,-1,0,0,0,0
1780384066.701535,grupo-reintentos,-1,0,0,0,0
1780384076.7032332,grupo-consumidores,-1,0,0,0,0
1780384076.7032332,grupo-reintentos,-1,0,0,0,0
1780384086.70399,grupo-consumidores,-1,0,0,0,0
1780384086.70399,grupo-reintentos,-1,0,0,0,0
1780384096.7394137,grupo-consumidores,-1,0,0,0,0
1780384096.7394137,grupo-reintentos,-1,0,0,0,0
1780384106.7412713,grupo-consumidores,-1,0,0,0,0
1780384106.7412713,grupo-reintentos,-1,0,0,0,0
1780384116.7765763,grupo-consumidores,-1,0,0,0,0
1780384116.7765763,grupo-reintentos,-1,0,0,0,0
1780384126.7781825,grupo-consumidores,-1,0,0,0,0
1780384126.7781825,grupo-reintentos,-1,0,0,0,0
1780384136.7799964,grupo-consumidores,-1,0,0,0,0
1780384136.7799964,grupo-reintentos,-1,0,0,0,0
1780384146.7814434,grupo-consumidores,-1,0,0,0,0
1780384146.7814434,grupo-reintentos,-1,0,0,0,0
1780384156.7829685,grupo-consumidores,-1,0,0,0,0
1780384156.7829685,grupo-reintentos,-1,0,0,0,0
1780384166.784544,grupo-consumidores,-1,0,0,0,0
1780384166.784544,grupo-reintentos,-1,0,0,0,0
1780384176.7860606,grupo-consumidores,-1,0,0,0,0
1780384176.7860606,grupo-reintentos,-1,0,0,0,0
1780384186.7869134,grupo-consumidores,-1,0,0,0,0
1780384186.7869134,grupo-reintentos,-1,0,0,0,0
1780384196.7886875,grupo-consumidores,-1,0,0,0,0
1780384196.7886875,grupo-reintentos,-1,0,0,0,0
1780384206.7893972,grupo-consumidores,-1,0,0,0,0
1780384206.7893972,grupo-reintentos,-1,0,0,0,0
1780384216.7911282,grupo-consumidores,-1,0,0,0,0
1780384216.7911282,grupo-reintentos,-1,0,0,0,0
1780384226.792814,grupo-consumidores,-1,0,0,0,0
1780384226.792814,grupo-reintentos,-1,0,0,0,0
1780384236.7945943,grupo-consumidores,-1,0,0,0,0
1780384236.7945943,grupo-reintentos,-1,0,0,0,0
1780384246.7961707,grupo-consumidores,-1,0,0,0,0
1780384246.7961707,grupo-reintentos,-1,0,0,0,0
1780384256.7977562,grupo-consumidores,-1,0,0,0,0
1780384256.7977562,grupo-reintentos,-1,0,0,0,0
1780384266.799413,grupo-consumidores,-1,0,0,0,0
1780384266.799413,grupo-reintentos,-1,0,0,0,0
1780384276.8010643,grupo-consumidores,-1,0,0,0,0
1780384276.8010643,grupo-reintentos,-1,0,0,0,0
1780384286.802569,grupo-consumidores,-1,0,0,0,0
1780384286.802569,grupo-reintentos,-1,0,0,0,0
1780384296.8040805,grupo-consumidores,-1,0,0,0,0
1780384296.8040805,grupo-reintentos,-1,0,0,0,0
1780384306.805903,grupo-consumidores,-1,0,0,0,0
1780384306.805903,grupo-reintentos,-1,0,0,0,0
1780384316.8067842,grupo-consumidores,-1,0,0,0,0
1780384316.8067842,grupo-reintentos,-1,0,0,0,0
1780384326.8422592,grupo-consumidores,-1,0,0,0,0
1780384326.8422592,grupo-reintentos,-1,0,0,0,0
1780384336.8439667,grupo-consumidores,-1,0,0,0,0
1780384336.8439667,grupo-reintentos,-1,0,0,0,0
1780384346.8457873,grupo-consumidores,-1,0,0,0,0
1780384346.8457873,grupo-reintentos,-1,0,0,0,0
1780384356.8475103,grupo-consumidores,-1,0,0,0,0
1780384356.8475103,grupo-reintentos,-1,0,0,0,0
1780384366.8490353,grupo-consumidores,-1,0,0,0,0
1780384366.8490353,grupo-reintentos,-1,0,0,0,0
1780384376.8509176,grupo-consumidores,-1,0,0,0,0
1780384376.8509176,grupo-reintentos,-1,0,0,0,0
1780384386.8862004,grupo-consumidores,-1,0,0,0,0
1780384386.8862004,grupo-reintentos,-1,0,0,0,0
1780384396.9214044,grupo-consumidores,-1,0,0,0,0
1780384396.9214044,grupo-reintentos,-1,0,0,0,0
1780384406.9228714,grupo-consumidores,-1,0,0,0,0
1780384406.9228714,grupo-reintentos,-1,0,0,0,0
1780384416.924711,grupo-consumidores,-1,0,0,0,0
1780384416.924711,grupo-reintentos,-1,0,0,0,0
1780384426.9264235,grupo-consumidores,-1,0,0,0,0
1780384426.9264235,grupo-reintentos,-1,0,0,0,0
1780384436.9272614,grupo-consumidores,-1,0,0,0,0
1780384436.9272614,grupo-reintentos,-1,0,0,0,0
1780384446.9291685,grupo-consumidores,-1,0,0,0,0
1780384446.9291685,grupo-reintentos,-1,0,0,0,0
1780384456.9312193,grupo-consumidores,-1,0,0,0,0
1780384456.9312193,grupo-reintentos,-1,0,0,0,0
1780384466.9329312,grupo-consumidores,-1,0,0,0,0
1780384466.9329312,grupo-reintentos,-1,0,0,0,0
1780384476.9347484,grupo-consumidores,-1,0,0,0,0
1780384476.9347484,grupo-reintentos,-1,0,0,0,0
1780384486.9361837,grupo-consumidores,-1,0,0,0,0
1780384486.9361837,grupo-reintentos,-1,0,0,0,0
1780384496.9375823,grupo-consumidores,-1,0,0,0,0
1780384496.9375823,grupo-reintentos,-1,0,0,0,0
1780384506.9391072,grupo-consumidores,-1,0,0,0,0
1780384506.9391072,grupo-reintentos,-1,0,0,0,0
1780384516.9406168,grupo-consumidores,-1,0,0,0,0
1780384516.9406168,grupo-reintentos,-1,0,0,0,0
1780384526.9422004,grupo-consumidores,-1,0,0,0,0
1780384526.9422004,grupo-reintentos,-1,0,0,0,0
1780384536.9439905,grupo-consumidores,-1,0,0,0,0
1780384536.9439905,grupo-reintentos,-1,0,0,0,0
1780384546.9458237,grupo-consumidores,-1,0,0,0,0
1780384546.9458237,grupo-reintentos,-1,0,0,0,0
1780384556.9476204,grupo-consumidores,-1,0,0,0,0
1780384556.9476204,grupo-reintentos,-1,0,0,0,0
1780384566.9486437,grupo-consumidores,-1,0,0,0,0
1780384566.9486437,grupo-reintentos,-1,0,0,0,0
1780384576.950735,grupo-consumidores,-1,0,0,0,0
1780384576.950735,grupo-reintentos,-1,0,0,0,0
1780384586.9522817,grupo-consumidores,-1,0,0,0,0
1780384586.9522817,grupo-reintentos,-1,0,0,0,0
1780384596.9537964,grupo-consumidores,-1,0,0,0,0
1780384596.9537964,grupo-reintentos,-1,0,0,0,0
1780384606.9552364,grupo-consumidores,-1,0,0,0,0
1780384606.9552364,grupo-reintentos,-1,0,0,0,0
1780384616.9569182,grupo-consumidores,-1,0,0,0,0
1780384616.9569182,grupo-reintentos,-1,0,0,0,0
1780384626.9584894,grupo-consumidores,-1,0,0,0,0
1780384626.9584894,grupo-reintentos,-1,0,0,0,0
1780384636.960274,grupo-consumidores,-1,0,0,0,0
1780384636.960274,grupo-reintentos,-1,0,0,0,0
1780384646.9619577,grupo-consumidores,-1,0,0,0,0
1780384646.9619577,grupo-reintentos,-1,0,0,0,0
1780384656.9635534,grupo-consumidores,-1,0,0,0,0
1780384656.9635534,grupo-reintentos,-1,0,0,0,0
1780384666.9991167,grupo-consumidores,-1,0,0,0,0
1780384666.9991167,grupo-reintentos,-1,0,0,0,0
1780384677.0001376,grupo-consumidores,-1,0,0,0,0
1780384677.0001376,grupo-reintentos,-1,0,0,0,0
1780384687.0018055,grupo-consumidores,-1,0,0,0,0
1780384687.0018055,grupo-reintentos,-1,0,0,0,0
1780384697.0038416,grupo-consumidores,-1,0,0,0,0
1780384697.0038416,grupo-reintentos,-1,0,0,0,0
1780384707.0054636,grupo-consumidores,-1,0,0,0,0
1780384707.0054636,grupo-reintentos,-1,0,0,0,0
1780384717.0070295,grupo-consumidores,-1,0,0,0,0
1780384717.0070295,grupo-reintentos,-1,0,0,0,0
1780384727.042299,grupo-consumidores,-1,0,0,0,0
1780384727.042299,grupo-reintentos,-1,0,0,0,0
1780384737.0438836,grupo-consumidores,-1,0,0,0,0
1780384737.0438836,grupo-reintentos,-1,0,0,0,0
1780384747.045424,grupo-consumidores,-1,0,0,0,0
1780384747.045424,grupo-reintentos,-1,0,0,0,0
1780384757.0470204,grupo-consumidores,-1,0,0,0,0
1780384757.0470204,grupo-reintentos,-1,0,0,0,0
1780384767.0487428,grupo-consumidores,-1,0,0,0,0
1780384767.0487428,grupo-reintentos,-1,0,0,0,0
1780384777.0507588,grupo-consumidores,-1,0,0,0,0
1780384777.0507588,grupo-reintentos,-1,0,0,0,0
1780384787.0524828,grupo-consumidores,-1,0,0,0,0
1780384787.0524828,grupo-reintentos,-1,0,0,0,0
1780384797.0541303,grupo-consumidores,-1,0,0,0,0
1780384797.0541303,grupo-reintentos,-1,0,0,0,0
1780384807.0560033,grupo-consumidores,-1,0,0,0,0
1780384807.0560033,grupo-reintentos,-1,0,0,0,0
1780384817.0568712,grupo-consumidores,-1,0,0,0,0
1780384817.0568712,grupo-reintentos,-1,0,0,0,0
1780384827.0586789,grupo-consumidores,-1,0,0,0,0
1780384827.0586789,grupo-reintentos,-1,0,0,0,0
1780384837.0602515,grupo-consumidores,-1,0,0,0,0
1780384837.0602515,grupo-reintentos,-1,0,0,0,0
1780384847.0610404,grupo-consumidores,-1,0,0,0,0
1780384847.0610404,grupo-reintentos,-1,0,0,0,0
1780384857.0630744,grupo-consumidores,-1,0,0,0,0
1780384857.0630744,grupo-reintentos,-1,0,0,0,0
1780384867.0647485,grupo-consumidores,-1,0,0,0,0
1780384867.0647485,grupo-reintentos,-1,0,0,0,0
1780384877.0667524,grupo-consumidores,-1,0,0,0,0
1780384877.0667524,grupo-reintentos,-1,0,0,0,0
1780384887.0686076,grupo-consumidores,-1,0,0,0,0
1780384887.0686076,grupo-reintentos,-1,0,0,0,0
1780384897.0706425,grupo-consumidores,-1,0,0,0,0
1780384897.0706425,grupo-reintentos,-1,0,0,0,0
1780384907.0727255,grupo-consumidores,-1,0,0,0,0
1780384907.0727255,grupo-reintentos,-1,0,0,0,0
1780384917.074486,grupo-consumidores,-1,0,0,0,0
1780384917.074486,grupo-reintentos,-1,0,0,0,0
1780384927.0761774,grupo-consumidores,-1,0,0,0,0
1780384927.0761774,grupo-reintentos,-1,0,0,0,0
1780384937.0777507,grupo-consumidores,-1,0,0,0,0
1780384937.0777507,grupo-reintentos,-1,0,0,0,0
1780384947.079592,grupo-consumidores,-1,0,0,0,0
1780384947.079592,grupo-reintentos,-1,0,0,0,0
1780384957.0812778,grupo-consumidores,-1,0,0,0,0
1780384957.0812778,grupo-reintentos,-1,0,0,0,0
1780384967.0828664,grupo-consumidores,-1,0,0,0,0
1780384967.0828664,grupo-reintentos,-1,0,0,0,0
1780384977.0844417,grupo-consumidores,-1,0,0,0,0
1780384977.0844417,grupo-reintentos,-1,0,0,0,0
1780384987.086104,grupo-consumidores,-1,0,0,0,0
1780384987.086104,grupo-reintentos,-1,0,0,0,0
1780384997.0877202,grupo-consumidores,-1,0,0,0,0
1780384997.0877202,grupo-reintentos,-1,0,0,0,0
1780385007.0894523,grupo-consumidores,-1,0,0,0,0
1780385007.0894523,grupo-reintentos,-1,0,0,0,0
1780385017.091496,grupo-consumidores,-1,0,0,0,0
1780385017.091496,grupo-reintentos,-1,0,0,0,0
1780385027.0934396,grupo-consumidores,-1,0,0,0,0
1780385027.0934396,grupo-reintentos,-1,0,0,0,0
1780385037.0941257,grupo-consumidores,-1,0,0,0,0
1780385037.0941257,grupo-reintentos,-1,0,0,0,0
1780385047.0967653,grupo-consumidores,-1,0,0,0,0
1780385047.0967653,grupo-reintentos,-1,0,0,0,0
1780385057.0984266,grupo-consumidores,-1,0,0,0,0
1780385057.0984266,grupo-reintentos,-1,0,0,0,0
1780385067.0999618,grupo-consumidores,-1,0,0,0,0
1780385067.0999618,grupo-reintentos,-1,0,0,0,0
1780385077.1018019,grupo-consumidores,-1,0,0,0,0
1780385077.1018019,grupo-reintentos,-1,0,0,0,0
1780385087.1034827,grupo-consumidores,-1,0,0,0,0
1780385087.1034827,grupo-reintentos,-1,0,0,0,0
1780385097.105299,grupo-consumidores,-1,0,0,0,0
1780385097.105299,grupo-reintentos,-1,0,0,0,0
1780385107.10693,grupo-consumidores,-1,0,0,0,0
1780385107.10693,grupo-reintentos,-1,0,0,0,0
1780385117.1087875,grupo-consumidores,-1,0,0,0,0
1780385117.1087875,grupo-reintentos,-1,0,0,0,0
1780385127.1106958,grupo-consumidores,-1,0,0,0,0
1780385127.1106958,grupo-reintentos,-1,0,0,0,0
1780385137.1125844,grupo-consumidores,-1,0,0,0,0
1780385137.1125844,grupo-reintentos,-1,0,0,0,0
1780385147.1134238,grupo-consumidores,-1,0,0,0,0
1780385147.1134238,grupo-reintentos,-1,0,0,0,0
1780385157.115984,grupo-consumidores,-1,0,0,0,0
1780385157.115984,grupo-reintentos,-1,0,0,0,0
1780385167.1176353,grupo-consumidores,-1,0,0,0,0
1780385167.1176353,grupo-reintentos,-1,0,0,0,0
1780385177.1194565,grupo-consumidores,-1,0,0,0,0
1780385177.1194565,grupo-reintentos,-1,0,0,0,0
1780385187.1211736,grupo-consumidores,-1,0,0,0,0
1780385187.1211736,grupo-reintentos,-1,0,0,0,0
1780385197.1227937,grupo-consumidores,-1,0,0,0,0
1780385197.1227937,grupo-reintentos,-1,0,0,0,0
1780385207.124564,grupo-consumidores,-1,0,0,0,0
1780385207.124564,grupo-reintentos,-1,0,0,0,0
1780385217.1253977,grupo-consumidores,-1,0,0,0,0
1780385217.1253977,grupo-reintentos,-1,0,0,0,0
1780385227.1269283,grupo-consumidores,-1,0,0,0,0
1780385227.1269283,grupo-reintentos,-1,0,0,0,0
1780385237.1276417,grupo-consumidores,-1,0,0,0,0
1780385237.1276417,grupo-reintentos,-1,0,0,0,0
1780385247.1296604,grupo-consumidores,-1,0,0,0,0
1780385247.1296604,grupo-reintentos,-1,0,0,0,0
1780385257.131067,grupo-consumidores,-1,0,0,0,0
1780385257.131067,grupo-reintentos,-1,0,0,0,0
1780385267.166375,grupo-consumidores,-1,0,0,0,0
1780385267.166375,grupo-reintentos,-1,0,0,0,0
1780385277.1671762,grupo-consumidores,-1,0,0,0,0
1780385277.1671762,grupo-reintentos,-1,0,0,0,0
1780385287.1688645,grupo-consumidores,-1,0,0,0,0
1780385287.1688645,grupo-reintentos,-1,0,0,0,0
1780385297.170332,grupo-consumidores,-1,0,0,0,0
1780385297.170332,grupo-reintentos,-1,0,0,0,0
1780385307.1718316,grupo-consumidores,-1,0,0,0,0
1780385307.1718316,grupo-reintentos,-1,0,0,0,0
1780385317.1735072,grupo-consumidores,-1,0,0,0,0
1780385317.1735072,grupo-reintentos,-1,0,0,0,0
1780385327.174324,grupo-consumidores,-1,0,0,0,0
1780385327.174324,grupo-reintentos,-1,0,0,0,0
1780385337.1761107,grupo-consumidores,-1,0,0,0,0
1780385337.1761107,grupo-reintentos,-1,0,0,0,0
1780385347.1775396,grupo-consumidores,-1,0,0,0,0
1780385347.1775396,grupo-reintentos,-1,0,0,0,0
1780385357.187459,grupo-consumidores,-1,0,0,0,0
1780385357.187459,grupo-reintentos,-1,0,0,0,0
1780385367.1891253,grupo-consumidores,-1,0,0,0,0
1780385367.1891253,grupo-reintentos,-1,0,0,0,0
1780385377.190846,grupo-consumidores,-1,0,0,0,0
1780385377.190846,grupo-reintentos,-1,0,0,0,0
1780385387.192527,grupo-consumidores,-1,0,0,0,0
1780385387.192527,grupo-reintentos,-1,0,0,0,0
1780385397.1932194,grupo-consumidores,-1,0,0,0,0
1780385397.1932194,grupo-reintentos,-1,0,0,0,0
1780385407.1947875,grupo-consumidores,-1,0,0,0,0
1780385407.1947875,grupo-reintentos,-1,0,0,0,0
1780385417.1964931,grupo-consumidores,-1,0,0,0,0
1780385417.1964931,grupo-reintentos,-1,0,0,0,0
1780385427.1981354,grupo-consumidores,-1,0,0,0,0
1780385427.1981354,grupo-reintentos,-1,0,0,0,0
1780385437.2000947,grupo-consumidores,-1,0,0,0,0
1780385437.2000947,grupo-reintentos,-1,0,0,0,0
1780385447.2015843,grupo-consumidores,-1,0,0,0,0
1780385447.2015843,grupo-reintentos,-1,0,0,0,0
1780385457.2034605,grupo-consumidores,-1,0,0,0,0
1780385457.2034605,grupo-reintentos,-1,0,0,0,0
1780385467.2049646,grupo-consumidores,-1,0,0,0,0
1780385467.2049646,grupo-reintentos,-1,0,0,0,0
1780385477.2064683,grupo-consumidores,-1,0,0,0,0
1780385477.2064683,grupo-reintentos,-1,0,0,0,0
1780385487.2416298,grupo-consumidores,-1,0,0,0,0
1780385487.2416298,grupo-reintentos,-1,0,0,0,0
1780385497.2432628,grupo-consumidores,-1,0,0,0,0
1780385497.2432628,grupo-reintentos,-1,0,0,0,0
1780385507.2450466,grupo-consumidores,-1,0,0,0,0
1780385507.2450466,grupo-reintentos,-1,0,0,0,0
1780385517.2457974,grupo-consumidores,-1,0,0,0,0
1780385517.2457974,grupo-reintentos,-1,0,0,0,0
1780385527.247468,grupo-consumidores,-1,0,0,0,0
1780385527.247468,grupo-reintentos,-1,0,0,0,0
1780385537.2482533,grupo-consumidores,-1,0,0,0,0
1780385537.2482533,grupo-reintentos,-1,0,0,0,0
1780385547.2500083,grupo-consumidores,-1,0,0,0,0
1780385547.2500083,grupo-reintentos,-1,0,0,0,0
1780385557.2518895,grupo-consumidores,-1,0,0,0,0
1780385557.2518895,grupo-reintentos,-1,0,0,0,0
1780385567.2526066,grupo-consumidores,-1,0,0,0,0
1780385567.2526066,grupo-reintentos,-1,0,0,0,0
1780385577.2540958,grupo-consumidores,-1,0,0,0,0
1780385577.2540958,grupo-reintentos,-1,0,0,0,0
1780385587.2557445,grupo-consumidores,-1,0,0,0,0
1780385587.2557445,grupo-reintentos,-1,0,0,0,0
1780385597.2579587,grupo-consumidores,-1,0,0,0,0
1780385597.2579587,grupo-reintentos,-1,0,0,0,0
